{"cameraMode":{"drawMode":0,"name":"Shaded","section":"Shading Mode"},"sceneLighting":true,"audioPlay":false,"sceneViewState":{"m_AlwaysRefresh":false,"showFog":true,"showSkybox":true,"showFlares":true,"showImageEffects":true,"showParticleSystems":true,"showVisualEffectGraphs":true,"m_FxEnabled":true},"in2DMode":false,"pivot":{"x":-3.1648964881896974,"y":-2.110337495803833,"z":1.1729257106781006},"rotation":{"x":0.3023987114429474,"y":-0.42806604504585268,"z":0.15456071496009828,"w":0.8375145792961121},"size":2.361924409866333,"orthographic":true}